<?xml version="1.0" encoding="UTF-8" standalone="no"?><Clients><Client><client_id>1448455321003</client_id><name>ziptest55</name><address>test</address><phone>99999113</phone></Client><Client><client_id>1448370118572</client_id><name>Колян</name><address>Быдлострит 21</address><phone>9-99-993</phone></Client><Client><client_id>1448357872527</client_id><name>Андрей</name><address>Жигулевск ул.Побед</address><phone>8917171711</phone></Client><Client><client_id>1448357876627</client_id><name>Андрей</name><address>Тольятти</address><phone>891688888813</phone></Client><Client><client_id>1447063064436</client_id><name>Андрей2</name><address>Жигулевск ул.Победы</address><phone>89171717173</phone></Client><Client><client_id>1447063064446</client_id><name>Алексей</name><address>Уфа1</address><phone>85555555551</phone></Client><Client><client_id>1445773808738</client_id><name>Иван</name><address>Тольятти ул.Громовой д.35</address><phone>648-6849111</phone></Client></Clients>