<?xml version="1.0" encoding="UTF-8" standalone="no"?><Clients><Client><client_id>1447063064446</client_id><name>Алексей</name><address>Уфа</address><phone>89898989</phone></Client><Client><client_id>1448357876627</client_id><name>Андрей</name><address>Тольятти</address><phone>8916888888</phone></Client><Client><client_id>1448370118572</client_id><name>Колян</name><address>Быдлострит 21</address><phone>9-99-99</phone></Client><Client><client_id>1448357872527</client_id><name>Андрей</name><address>Жигулевск ул.Побед</address><phone>89171717177</phone></Client><Client><client_id>1445773808738</client_id><name>Иван</name><address>Тольятти ул.Громовой д.35</address><phone>648-684</phone></Client><Client><client_id>1447063064436</client_id><name>Андрей</name><address>Жигулевск ул.Победы</address><phone>89171717177</phone></Client><Client><client_id>1448455321003</client_id><name>ziptest</name><address>test</address><phone>99999</phone></Client></Clients>