<?xml version="1.0" encoding="UTF-8" standalone="no"?><Clients><Client><client_id>1448455321003</client_id><name>ziptest55</name><address>test</address><phone>99999113</phone></Client><Client><client_id>1448370118572</client_id><name>Колян</name><address>Быдлострит 21</address><phone>9-99-993</phone></Client><Client><client_id>1456990046538</client_id><name>Alexey</name><address>New york</address><phone>+55555551</phone></Client><Client><client_id>1455796201691</client_id><name>Андрей</name><address>Жигулевск</address><phone>89171242215</phone></Client><Client><client_id>1456990547537</client_id><name>XXXX</name><address>XXXXX</address><phone>21312321</phone></Client></Clients>