<?xml version="1.0" encoding="UTF-8" standalone="no"?><Orders><Order><order_id>1455793905336</order_id><client_id>1448455321003</client_id><order_date>01.01.1900</order_date><order_sum>2310.0</order_sum></Order><Order><order_id>1455796236009</order_id><client_id>1455796201691</client_id><order_date>01.10.2015</order_date><order_sum>15000.0</order_sum></Order><Order><order_id>1448455370610</order_id><client_id>1448455321003</client_id><order_date>10.10.2010</order_date><order_sum>10.0</order_sum></Order></Orders>